id,issue,value
1285,long_link_gt_5000m,5107.27179231022
1286,long_link_gt_5000m,5107.27179231022
